id,label
0,3.0
1,0.0
2,2.0
3,6.0
4,7.0
5,7.0
6,1.0
7,9.0
8,3.0
9,4.0
10,8.0
11,1.0
12,1.0
13,7.0
14,8.0
15,1.0
16,5.0
17,1.0
18,5.0
19,9.0
20,3.0
21,7.0
22,6.0
23,0.0
24,2.0
25,0.0
26,8.0
27,7.0
28,0.0
29,0.0
30,8.0
31,9.0
32,2.0
33,3.0
34,2.0
35,4.0
36,6.0
37,0.0
38,7.0
39,8.0
40,3.0
41,9.0
42,4.0
43,4.0
44,5.0
45,5.0
46,7.0
47,8.0
48,7.0
49,4.0
50,3.0
51,1.0
52,6.0
53,4.0
54,5.0
55,7.0
56,1.0
57,1.0
58,6.0
59,4.0
60,6.0
61,1.0
62,2.0
63,6.0
64,1.0
65,9.0
66,1.0
67,4.0
68,9.0
69,8.0
70,4.0
71,3.0
72,7.0
73,8.0
74,4.0
75,4.0
76,1.0
77,6.0
78,1.0
79,0.0
80,3.0
81,5.0
82,4.0
83,7.0
84,3.0
85,6.0
86,3.0
87,2.0
88,2.0
89,4.0
90,2.0
91,8.0
92,7.0
93,4.0
94,6.0
95,9.0
96,7.0
97,4.0
98,7.0
99,2.0
100,5.0
101,2.0
102,7.0
103,4.0
104,3.0
105,9.0
106,5.0
107,6.0
108,3.0
109,9.0
110,7.0
111,3.0
112,4.0
113,6.0
114,6.0
115,2.0
116,1.0
117,6.0
118,0.0
119,7.0
120,7.0
121,1.0
122,5.0
123,4.0
124,5.0
125,2.0
126,1.0
127,2.0
128,6.0
129,0.0
130,3.0
131,9.0
132,1.0
133,5.0
134,9.0
135,6.0
136,8.0
137,0.0
138,6.0
139,4.0
140,1.0
141,9.0
142,3.0
143,1.0
144,8.0
145,1.0
146,8.0
147,6.0
148,5.0
149,0.0
150,8.0
151,6.0
152,6.0
153,0.0
154,8.0
155,1.0
156,7.0
157,8.0
158,2.0
159,5.0
160,1.0
161,8.0
162,1.0
163,0.0
164,3.0
165,1.0
166,2.0
167,6.0
168,2.0
169,2.0
170,8.0
171,9.0
172,9.0
173,3.0
174,2.0
175,5.0
176,7.0
177,4.0
178,1.0
179,6.0
180,1.0
181,2.0
182,8.0
183,7.0
184,3.0
185,8.0
186,7.0
187,8.0
188,1.0
189,9.0
190,5.0
191,2.0
192,7.0
193,6.0
194,8.0
195,2.0
196,6.0
197,5.0
198,9.0
199,1.0
200,9.0
201,1.0
202,3.0
203,4.0
204,4.0
205,9.0
206,7.0
207,9.0
208,0.0
209,1.0
210,0.0
211,4.0
212,1.0
213,6.0
214,2.0
215,9.0
216,0.0
217,9.0
218,0.0
219,0.0
220,5.0
221,7.0
222,4.0
223,9.0
224,2.0
225,1.0
226,2.0
227,0.0
228,3.0
229,0.0
230,3.0
231,1.0
232,9.0
233,2.0
234,0.0
235,2.0
236,6.0
237,9.0
238,4.0
239,2.0
240,4.0
241,9.0
242,9.0
243,8.0
244,5.0
245,2.0
246,2.0
247,3.0
248,7.0
249,5.0
250,3.0
251,4.0
252,0.0
253,3.0
254,6.0
255,2.0
256,5.0
257,4.0
258,4.0
259,6.0
260,8.0
261,4.0
262,1.0
263,4.0
264,8.0
265,6.0
266,1.0
267,5.0
268,2.0
269,6.0
270,6.0
271,2.0
272,4.0
273,8.0
274,4.0
275,9.0
276,3.0
277,1.0
278,6.0
279,1.0
280,4.0
281,0.0
282,9.0
283,9.0
284,4.0
285,2.0
286,6.0
287,3.0
288,0.0
289,9.0
290,7.0
291,1.0
292,7.0
293,7.0
294,2.0
295,7.0
296,4.0
297,1.0
298,8.0
299,0.0
300,8.0
301,3.0
302,2.0
303,3.0
304,8.0
305,9.0
306,4.0
307,3.0
308,4.0
309,1.0
310,1.0
311,3.0
312,0.0
313,3.0
314,3.0
315,8.0
316,8.0
317,2.0
318,4.0
319,7.0
320,9.0
321,4.0
322,9.0
323,4.0
324,1.0
325,7.0
326,8.0
327,2.0
328,1.0
329,7.0
330,1.0
331,7.0
332,5.0
333,9.0
334,6.0
335,9.0
336,9.0
337,1.0
338,5.0
339,8.0
340,7.0
341,5.0
342,0.0
343,1.0
344,2.0
345,3.0
346,4.0
347,7.0
348,5.0
349,9.0
350,1.0
351,1.0
352,0.0
353,1.0
354,7.0
355,5.0
356,2.0
357,8.0
358,5.0
359,2.0
360,2.0
361,0.0
362,3.0
363,8.0
364,8.0
365,4.0
366,5.0
367,8.0
368,2.0
369,3.0
370,2.0
371,2.0
372,1.0
373,3.0
374,4.0
375,7.0
376,7.0
377,0.0
378,1.0
379,2.0
380,4.0
381,3.0
382,6.0
383,2.0
384,6.0
385,6.0
386,5.0
387,9.0
388,9.0
389,4.0
390,3.0
391,8.0
392,3.0
393,6.0
394,0.0
395,6.0
396,8.0
397,3.0
398,8.0
399,4.0
400,9.0
401,4.0
402,0.0
403,4.0
404,9.0
405,3.0
406,8.0
407,6.0
408,9.0
409,7.0
410,5.0
411,1.0
412,8.0
413,7.0
414,9.0
415,3.0
416,5.0
417,8.0
418,3.0
419,5.0
420,7.0
421,4.0
422,1.0
423,1.0
424,7.0
425,1.0
426,6.0
427,0.0
428,3.0
429,7.0
430,8.0
431,9.0
432,9.0
433,7.0
434,9.0
435,8.0
436,3.0
437,6.0
438,0.0
439,2.0
440,6.0
441,9.0
442,4.0
443,2.0
444,8.0
445,3.0
446,8.0
447,1.0
448,3.0
449,7.0
450,8.0
451,6.0
452,7.0
453,6.0
454,8.0
455,2.0
456,6.0
457,1.0
458,9.0
459,2.0
460,1.0
461,8.0
462,6.0
463,1.0
464,0.0
465,3.0
466,1.0
467,2.0
468,1.0
469,2.0
470,6.0
471,5.0
472,3.0
473,7.0
474,9.0
475,3.0
476,4.0
477,0.0
478,0.0
479,7.0
480,1.0
481,3.0
482,1.0
483,2.0
484,8.0
485,8.0
486,1.0
487,0.0
488,2.0
489,4.0
490,3.0
491,7.0
492,4.0
493,1.0
494,7.0
495,1.0
496,6.0
497,2.0
498,0.0
499,6.0
500,3.0
501,5.0
502,4.0
503,7.0
504,9.0
505,2.0
506,2.0
507,4.0
508,4.0
509,7.0
510,6.0
511,8.0
512,0.0
513,3.0
514,1.0
515,4.0
516,4.0
517,1.0
518,2.0
519,3.0
520,2.0
521,7.0
522,1.0
523,2.0
524,8.0
525,9.0
526,2.0
527,3.0
528,8.0
529,9.0
530,9.0
531,3.0
532,4.0
533,8.0
534,4.0
535,1.0
536,1.0
537,3.0
538,0.0
539,5.0
540,8.0
541,1.0
542,5.0
543,9.0
544,2.0
545,1.0
546,6.0
547,6.0
548,8.0
549,9.0
550,5.0
551,7.0
552,4.0
553,7.0
554,6.0
555,2.0
556,7.0
557,7.0
558,7.0
559,4.0
560,0.0
561,2.0
562,3.0
563,0.0
564,6.0
565,1.0
566,0.0
567,7.0
568,3.0
569,3.0
570,8.0
571,6.0
572,1.0
573,0.0
574,0.0
575,7.0
576,7.0
577,9.0
578,3.0
579,8.0
580,1.0
581,9.0
582,5.0
583,8.0
584,4.0
585,1.0
586,2.0
587,5.0
588,7.0
589,7.0
590,5.0
591,4.0
592,9.0
593,2.0
594,7.0
595,5.0
596,9.0
597,6.0
598,5.0
599,3.0
600,0.0
601,8.0
602,1.0
603,6.0
604,0.0
605,0.0
606,1.0
607,9.0
608,9.0
609,8.0
610,2.0
611,1.0
612,8.0
613,4.0
614,0.0
615,2.0
616,0.0
617,1.0
618,8.0
619,2.0
620,1.0
621,9.0
622,9.0
623,6.0
624,3.0
625,0.0
626,7.0
627,5.0
628,8.0
629,4.0
630,2.0
631,7.0
632,1.0
633,1.0
634,0.0
635,4.0
636,7.0
637,6.0
638,4.0
639,5.0
640,7.0
641,3.0
642,2.0
643,1.0
644,2.0
645,0.0
646,6.0
647,3.0
648,6.0
649,0.0
650,5.0
651,9.0
652,5.0
653,1.0
654,5.0
655,2.0
656,2.0
657,4.0
658,8.0
659,9.0
660,5.0
661,6.0
662,3.0
663,8.0
664,8.0
665,4.0
666,8.0
667,1.0
668,7.0
669,4.0
670,0.0
671,0.0
672,7.0
673,6.0
674,2.0
675,5.0
676,3.0
677,0.0
678,5.0
679,3.0
680,9.0
681,1.0
682,3.0
683,4.0
684,7.0
685,2.0
686,5.0
687,1.0
688,2.0
689,5.0
690,0.0
691,7.0
692,5.0
693,3.0
694,4.0
695,9.0
696,8.0
697,9.0
698,8.0
699,3.0
700,4.0
701,1.0
702,0.0
703,1.0
704,9.0
705,9.0
706,3.0
707,4.0
708,9.0
709,5.0
710,8.0
711,1.0
712,0.0
713,1.0
714,8.0
715,1.0
716,0.0
717,2.0
718,1.0
719,1.0
720,6.0
721,5.0
722,2.0
723,4.0
724,9.0
725,7.0
726,6.0
727,2.0
728,1.0
729,9.0
730,9.0
731,1.0
732,8.0
733,9.0
734,3.0
735,9.0
736,5.0
737,9.0
738,8.0
739,4.0
740,0.0
741,0.0
742,1.0
743,0.0
744,4.0
745,2.0
746,1.0
747,4.0
748,1.0
749,1.0
750,7.0
751,1.0
752,4.0
753,2.0
754,0.0
755,9.0
756,2.0
757,7.0
758,8.0
759,4.0
760,1.0
761,3.0
762,9.0
763,2.0
764,2.0
765,2.0
766,9.0
767,2.0
768,7.0
769,8.0
770,0.0
771,8.0
772,3.0
773,0.0
774,9.0
775,7.0
776,1.0
777,1.0
778,3.0
779,9.0
780,9.0
781,7.0
782,2.0
783,3.0
784,3.0
785,3.0
786,3.0
787,4.0
788,6.0
789,1.0
790,3.0
791,0.0
792,8.0
793,7.0
794,4.0
795,2.0
796,8.0
797,2.0
798,2.0
799,0.0
800,8.0
801,4.0
802,6.0
803,5.0
804,9.0
805,3.0
806,0.0
807,4.0
808,8.0
809,8.0
810,7.0
811,4.0
812,4.0
813,1.0
814,8.0
815,4.0
816,9.0
817,1.0
818,9.0
819,8.0
820,8.0
821,0.0
822,0.0
823,8.0
824,6.0
825,5.0
826,2.0
827,7.0
828,0.0
829,7.0
830,8.0
831,2.0
832,8.0
833,0.0
834,5.0
835,6.0
836,6.0
837,5.0
838,5.0
839,5.0
840,4.0
841,4.0
842,1.0
843,1.0
844,5.0
845,8.0
846,7.0
847,8.0
848,3.0
849,5.0
850,4.0
851,5.0
852,1.0
853,7.0
854,6.0
855,9.0
856,2.0
857,1.0
858,2.0
859,0.0
860,6.0
861,0.0
862,0.0
863,4.0
864,0.0
865,1.0
866,3.0
867,5.0
868,4.0
869,3.0
870,3.0
871,0.0
872,9.0
873,8.0
874,7.0
875,0.0
876,4.0
877,4.0
878,1.0
879,2.0
880,1.0
881,7.0
882,5.0
883,8.0
884,0.0
885,4.0
886,0.0
887,2.0
888,7.0
889,4.0
890,9.0
891,7.0
892,1.0
893,6.0
894,2.0
895,8.0
896,5.0
897,4.0
898,8.0
899,7.0
900,9.0
901,4.0
902,6.0
903,5.0
904,1.0
905,9.0
906,8.0
907,5.0
908,0.0
909,8.0
910,1.0
911,1.0
912,9.0
913,9.0
914,6.0
915,1.0
916,9.0
917,5.0
918,3.0
919,0.0
920,4.0
921,6.0
922,8.0
923,9.0
924,8.0
925,2.0
926,6.0
927,3.0
928,1.0
929,0.0
930,6.0
931,0.0
932,3.0
933,0.0
934,4.0
935,3.0
936,2.0
937,3.0
938,6.0
939,3.0
940,6.0
941,5.0
942,6.0
943,4.0
944,1.0
945,3.0
946,1.0
947,2.0
948,4.0
949,6.0
950,0.0
951,3.0
952,9.0
953,6.0
954,1.0
955,1.0
956,6.0
957,7.0
958,0.0
959,8.0
960,7.0
961,7.0
962,8.0
963,2.0
964,0.0
965,7.0
966,8.0
967,4.0
968,1.0
969,9.0
970,3.0
971,3.0
972,0.0
973,9.0
974,9.0
975,8.0
976,3.0
977,8.0
978,4.0
979,5.0
980,6.0
981,5.0
982,9.0
983,3.0
984,6.0
985,1.0
986,0.0
987,0.0
988,4.0
989,2.0
990,9.0
991,9.0
992,5.0
993,5.0
994,7.0
995,4.0
996,2.0
997,3.0
998,3.0
999,1.0
1000,6.0
1001,4.0
1002,2.0
1003,2.0
1004,4.0
1005,6.0
1006,6.0
1007,6.0
1008,3.0
1009,7.0
1010,1.0
1011,4.0
1012,0.0
1013,9.0
1014,8.0
1015,5.0
1016,8.0
1017,9.0
1018,2.0
1019,0.0
1020,2.0
1021,2.0
1022,7.0
1023,6.0
1024,0.0
1025,1.0
1026,4.0
1027,8.0
1028,7.0
1029,3.0
1030,1.0
1031,1.0
1032,7.0
1033,5.0
1034,1.0
1035,4.0
1036,7.0
1037,2.0
1038,2.0
1039,8.0
1040,2.0
1041,3.0
1042,4.0
1043,7.0
1044,9.0
1045,0.0
1046,1.0
1047,6.0
1048,2.0
1049,7.0
1050,6.0
1051,9.0
1052,4.0
1053,1.0
1054,4.0
1055,1.0
1056,2.0
1057,7.0
1058,0.0
1059,9.0
1060,9.0
1061,7.0
1062,1.0
1063,5.0
1064,5.0
1065,4.0
1066,4.0
1067,6.0
1068,0.0
1069,5.0
1070,5.0
1071,4.0
1072,2.0
1073,8.0
1074,6.0
1075,6.0
1076,9.0
1077,3.0
1078,4.0
1079,8.0
1080,5.0
1081,1.0
1082,3.0
1083,8.0
1084,9.0
1085,1.0
1086,7.0
1087,8.0
1088,2.0
1089,5.0
1090,4.0
1091,7.0
1092,1.0
1093,8.0
1094,6.0
1095,7.0
1096,8.0
1097,4.0
1098,5.0
1099,3.0
1100,5.0
1101,7.0
1102,8.0
1103,6.0
1104,5.0
1105,7.0
1106,0.0
1107,7.0
1108,9.0
1109,4.0
1110,0.0
1111,9.0
1112,9.0
1113,4.0
1114,0.0
1115,1.0
1116,1.0
1117,0.0
1118,2.0
1119,9.0
1120,4.0
1121,2.0
1122,9.0
1123,3.0
1124,1.0
1125,7.0
1126,5.0
1127,3.0
1128,8.0
1129,9.0
1130,0.0
1131,5.0
1132,1.0
1133,8.0
1134,4.0
1135,1.0
1136,5.0
1137,1.0
1138,2.0
1139,4.0
1140,0.0
1141,2.0
1142,3.0
1143,8.0
1144,3.0
1145,4.0
1146,2.0
1147,8.0
1148,2.0
1149,5.0
1150,6.0
1151,8.0
1152,7.0
1153,2.0
1154,5.0
1155,8.0
1156,6.0
1157,8.0
1158,2.0
1159,1.0
1160,4.0
1161,5.0
1162,0.0
1163,5.0
1164,8.0
1165,6.0
1166,0.0
1167,4.0
1168,3.0
1169,6.0
1170,1.0
1171,4.0
1172,1.0
1173,1.0
1174,6.0
1175,6.0
1176,6.0
1177,0.0
1178,9.0
1179,4.0
1180,3.0
1181,4.0
1182,0.0
1183,5.0
1184,4.0
1185,2.0
1186,0.0
1187,6.0
1188,6.0
1189,7.0
1190,1.0
1191,0.0
1192,3.0
1193,0.0
1194,0.0
1195,1.0
1196,9.0
1197,0.0
1198,4.0
1199,4.0
1200,5.0
1201,7.0
1202,0.0
1203,0.0
1204,3.0
1205,4.0
1206,7.0
1207,2.0
1208,9.0
1209,6.0
1210,2.0
1211,1.0
1212,8.0
1213,1.0
1214,6.0
1215,0.0
1216,9.0
1217,9.0
1218,0.0
1219,0.0
1220,6.0
1221,3.0
1222,5.0
1223,6.0
1224,4.0
1225,7.0
1226,1.0
1227,4.0
1228,1.0
1229,6.0
1230,5.0
1231,3.0
1232,3.0
1233,8.0
1234,7.0
1235,1.0
1236,3.0
1237,3.0
1238,3.0
1239,0.0
1240,7.0
1241,2.0
1242,8.0
1243,1.0
1244,0.0
1245,9.0
1246,4.0
1247,0.0
1248,7.0
1249,1.0
1250,9.0
1251,0.0
1252,0.0
1253,4.0
1254,9.0
1255,4.0
1256,3.0
1257,9.0
1258,4.0
1259,4.0
1260,6.0
1261,1.0
1262,9.0
1263,6.0
1264,2.0
1265,0.0
1266,8.0
1267,4.0
1268,4.0
1269,6.0
1270,5.0
1271,6.0
1272,7.0
1273,3.0
1274,9.0
1275,5.0
1276,8.0
1277,4.0
1278,5.0
1279,7.0
1280,3.0
1281,3.0
1282,8.0
1283,4.0
1284,4.0
1285,3.0
1286,0.0
1287,9.0
1288,6.0
1289,4.0
1290,5.0
1291,8.0
1292,2.0
1293,9.0
1294,4.0
1295,1.0
1296,7.0
1297,6.0
1298,6.0
1299,1.0
1300,3.0
1301,5.0
1302,8.0
1303,1.0
1304,3.0
1305,4.0
1306,1.0
1307,8.0
1308,0.0
1309,8.0
1310,0.0
1311,5.0
1312,4.0
1313,7.0
1314,5.0
1315,1.0
1316,1.0
1317,5.0
1318,7.0
1319,5.0
1320,8.0
1321,8.0
1322,9.0
1323,8.0
1324,5.0
1325,7.0
1326,4.0
1327,7.0
1328,0.0
1329,7.0
1330,0.0
1331,5.0
1332,5.0
1333,8.0
1334,7.0
1335,1.0
1336,8.0
1337,6.0
1338,3.0
1339,1.0
1340,4.0
1341,7.0
1342,9.0
1343,5.0
1344,3.0
1345,9.0
1346,4.0
1347,3.0
1348,5.0
1349,9.0
1350,3.0
1351,3.0
1352,2.0
1353,0.0
1354,0.0
1355,0.0
1356,5.0
1357,3.0
1358,0.0
1359,4.0
1360,1.0
1361,2.0
1362,3.0
1363,6.0
1364,6.0
1365,6.0
1366,8.0
1367,2.0
1368,8.0
1369,4.0
1370,1.0
1371,7.0
1372,1.0
1373,9.0
1374,0.0
1375,9.0
1376,9.0
1377,7.0
1378,6.0
1379,4.0
1380,2.0
1381,7.0
1382,6.0
1383,0.0
1384,6.0
1385,8.0
1386,3.0
1387,0.0
1388,0.0
1389,0.0
1390,0.0
1391,7.0
1392,1.0
1393,6.0
1394,4.0
1395,0.0
1396,5.0
1397,0.0
1398,8.0
1399,2.0
1400,0.0
1401,5.0
1402,3.0
1403,9.0
1404,0.0
1405,7.0
1406,4.0
1407,7.0
1408,7.0
1409,0.0
1410,7.0
1411,2.0
1412,3.0
1413,5.0
1414,9.0
1415,7.0
1416,6.0
1417,4.0
1418,0.0
1419,1.0
1420,4.0
1421,8.0
1422,1.0
1423,0.0
1424,8.0
1425,5.0
1426,2.0
1427,5.0
1428,3.0
1429,8.0
1430,3.0
1431,6.0
1432,3.0
1433,4.0
1434,6.0
1435,9.0
1436,8.0
1437,2.0
1438,7.0
1439,0.0
1440,6.0
1441,9.0
1442,7.0
1443,9.0
1444,3.0
1445,6.0
1446,4.0
1447,0.0
1448,4.0
1449,7.0
1450,5.0
1451,9.0
1452,8.0
1453,9.0
1454,7.0
1455,9.0
1456,6.0
1457,9.0
1458,0.0
1459,0.0
1460,1.0
1461,7.0
1462,9.0
1463,4.0
1464,5.0
1465,9.0
1466,4.0
1467,9.0
1468,6.0
1469,9.0
1470,8.0
1471,2.0
1472,1.0
1473,9.0
1474,3.0
1475,1.0
1476,4.0
1477,3.0
1478,5.0
1479,5.0
1480,9.0
1481,9.0
1482,3.0
1483,9.0
1484,2.0
1485,7.0
1486,7.0
1487,6.0
1488,1.0
1489,1.0
1490,1.0
1491,8.0
1492,0.0
1493,8.0
1494,8.0
1495,6.0
1496,0.0
1497,7.0
1498,2.0
1499,8.0
1500,4.0
1501,4.0
1502,6.0
1503,4.0
1504,6.0
1505,0.0
1506,6.0
1507,4.0
1508,0.0
1509,6.0
1510,4.0
1511,4.0
1512,5.0
1513,0.0
1514,9.0
1515,1.0
1516,1.0
1517,6.0
1518,9.0
1519,7.0
1520,6.0
1521,4.0
1522,3.0
1523,9.0
1524,1.0
1525,2.0
1526,1.0
1527,8.0
1528,0.0
1529,2.0
1530,0.0
1531,1.0
1532,6.0
1533,7.0
1534,2.0
1535,6.0
1536,4.0
1537,2.0
1538,2.0
1539,4.0
1540,9.0
1541,1.0
1542,3.0
1543,8.0
1544,6.0
1545,2.0
1546,7.0
1547,0.0
1548,6.0
1549,4.0
1550,7.0
1551,4.0
1552,8.0
1553,1.0
1554,6.0
1555,9.0
1556,4.0
1557,3.0
1558,9.0
1559,4.0
1560,6.0
1561,5.0
1562,4.0
1563,4.0
1564,9.0
1565,8.0
1566,9.0
1567,1.0
1568,0.0
1569,4.0
1570,3.0
1571,9.0
1572,9.0
1573,5.0
1574,5.0
1575,7.0
1576,9.0
1577,6.0
1578,4.0
1579,4.0
1580,3.0
1581,0.0
1582,8.0
1583,5.0
1584,7.0
1585,0.0
1586,4.0
1587,7.0
1588,6.0
1589,4.0
1590,8.0
1591,1.0
1592,2.0
1593,2.0
1594,2.0
1595,2.0
1596,2.0
1597,6.0
1598,2.0
1599,3.0
1600,9.0
1601,2.0
1602,2.0
1603,1.0
1604,6.0
1605,2.0
1606,4.0
1607,7.0
1608,9.0
1609,5.0
1610,0.0
1611,0.0
1612,9.0
1613,6.0
1614,1.0
1615,4.0
1616,4.0
1617,3.0
1618,1.0
1619,8.0
1620,9.0
1621,6.0
1622,8.0
1623,1.0
1624,2.0
1625,2.0
1626,6.0
1627,6.0
1628,1.0
1629,4.0
1630,2.0
1631,8.0
1632,6.0
1633,0.0
1634,7.0
1635,5.0
1636,8.0
1637,0.0
1638,3.0
1639,3.0
1640,8.0
1641,4.0
1642,5.0
1643,1.0
1644,1.0
1645,4.0
1646,3.0
1647,0.0
1648,1.0
1649,9.0
1650,5.0
1651,6.0
1652,2.0
1653,8.0
1654,2.0
1655,4.0
1656,2.0
1657,0.0
1658,4.0
1659,7.0
1660,4.0
1661,1.0
1662,0.0
1663,0.0
1664,2.0
1665,7.0
1666,2.0
1667,7.0
1668,9.0
1669,6.0
1670,6.0
1671,6.0
1672,4.0
1673,0.0
1674,1.0
1675,4.0
1676,9.0
1677,3.0
1678,2.0
1679,3.0
1680,6.0
1681,3.0
1682,2.0
1683,1.0
1684,9.0
1685,1.0
1686,9.0
1687,7.0
1688,1.0
1689,0.0
1690,1.0
1691,4.0
1692,0.0
1693,6.0
1694,8.0
1695,0.0
1696,3.0
1697,6.0
1698,8.0
1699,5.0
1700,7.0
1701,6.0
1702,8.0
1703,2.0
1704,6.0
1705,7.0
1706,1.0
1707,1.0
1708,0.0
1709,1.0
1710,9.0
1711,2.0
1712,1.0
1713,7.0
1714,0.0
1715,0.0
1716,0.0
1717,4.0
1718,5.0
1719,5.0
1720,5.0
1721,3.0
1722,6.0
1723,8.0
1724,0.0
1725,4.0
1726,2.0
1727,4.0
1728,9.0
1729,4.0
1730,5.0
1731,2.0
1732,4.0
1733,4.0
1734,2.0
1735,6.0
1736,2.0
1737,6.0
1738,4.0
1739,2.0
1740,3.0
1741,4.0
1742,4.0
1743,1.0
1744,8.0
1745,6.0
1746,2.0
1747,3.0
1748,4.0
1749,7.0
1750,1.0
1751,1.0
1752,8.0
1753,6.0
1754,2.0
1755,4.0
1756,4.0
1757,2.0
1758,1.0
1759,1.0
1760,8.0
1761,2.0
1762,2.0
1763,4.0
1764,0.0
1765,8.0
1766,2.0
1767,9.0
1768,8.0
1769,6.0
1770,3.0
1771,6.0
1772,4.0
1773,2.0
1774,8.0
1775,1.0
1776,9.0
1777,0.0
1778,1.0
1779,2.0
1780,0.0
1781,3.0
1782,2.0
1783,7.0
1784,3.0
1785,2.0
1786,4.0
1787,5.0
1788,6.0
1789,9.0
1790,7.0
1791,5.0
1792,5.0
1793,0.0
1794,4.0
1795,2.0
1796,5.0
1797,5.0
1798,1.0
1799,1.0
1800,4.0
1801,0.0
1802,1.0
1803,0.0
1804,5.0
1805,0.0
1806,9.0
1807,9.0
1808,8.0
1809,0.0
1810,5.0
1811,1.0
1812,6.0
1813,7.0
1814,9.0
1815,3.0
1816,1.0
1817,7.0
1818,8.0
1819,7.0
1820,7.0
1821,8.0
1822,4.0
1823,7.0
1824,8.0
1825,4.0
1826,2.0
1827,5.0
1828,3.0
1829,9.0
1830,3.0
1831,0.0
1832,5.0
1833,5.0
1834,3.0
1835,4.0
1836,6.0
1837,6.0
1838,8.0
1839,6.0
1840,5.0
1841,5.0
1842,2.0
1843,0.0
1844,2.0
1845,6.0
1846,6.0
1847,1.0
1848,1.0
1849,2.0
1850,7.0
1851,5.0
1852,1.0
1853,4.0
1854,2.0
1855,4.0
1856,6.0
1857,1.0
1858,6.0
1859,3.0
1860,5.0
1861,3.0
1862,4.0
1863,6.0
1864,7.0
1865,6.0
1866,4.0
1867,1.0
1868,6.0
1869,8.0
1870,6.0
1871,9.0
1872,1.0
1873,5.0
1874,3.0
1875,8.0
1876,6.0
1877,7.0
1878,9.0
1879,3.0
1880,5.0
1881,8.0
1882,4.0
1883,2.0
1884,4.0
1885,9.0
1886,9.0
1887,0.0
1888,5.0
1889,5.0
1890,2.0
1891,1.0
1892,3.0
1893,1.0
1894,0.0
1895,6.0
1896,8.0
1897,2.0
1898,0.0
1899,4.0
1900,7.0
1901,8.0
1902,7.0
1903,8.0
1904,0.0
1905,2.0
1906,1.0
1907,4.0
1908,4.0
1909,8.0
1910,4.0
1911,4.0
1912,3.0
1913,8.0
1914,4.0
1915,3.0
1916,8.0
1917,9.0
1918,5.0
1919,3.0
1920,3.0
1921,2.0
1922,7.0
1923,3.0
1924,5.0
1925,9.0
1926,6.0
1927,0.0
1928,2.0
1929,3.0
1930,7.0
1931,8.0
1932,7.0
1933,2.0
1934,9.0
1935,8.0
1936,6.0
1937,1.0
1938,9.0
1939,5.0
1940,8.0
1941,2.0
1942,5.0
1943,4.0
1944,2.0
1945,1.0
1946,3.0
1947,8.0
1948,9.0
1949,5.0
1950,6.0
1951,9.0
1952,0.0
1953,6.0
1954,9.0
1955,4.0
1956,4.0
1957,9.0
1958,1.0
1959,7.0
1960,5.0
1961,5.0
1962,8.0
1963,2.0
1964,3.0
1965,7.0
1966,1.0
1967,5.0
1968,4.0
1969,6.0
1970,2.0
1971,1.0
1972,1.0
1973,1.0
1974,9.0
1975,7.0
1976,6.0
1977,0.0
1978,0.0
1979,9.0
1980,6.0
1981,6.0
1982,6.0
1983,4.0
1984,4.0
1985,4.0
1986,1.0
1987,2.0
1988,1.0
1989,2.0
1990,2.0
1991,1.0
1992,5.0
1993,2.0
1994,0.0
1995,9.0
1996,2.0
1997,3.0
1998,2.0
1999,5.0
2000,4.0
2001,1.0
2002,8.0
2003,1.0
2004,6.0
2005,3.0
2006,2.0
2007,3.0
2008,7.0
2009,1.0
2010,8.0
2011,4.0
2012,6.0
2013,3.0
2014,4.0
2015,3.0
2016,5.0
2017,5.0
2018,1.0
2019,4.0
2020,7.0
2021,1.0
2022,8.0
2023,3.0
2024,1.0
2025,9.0
2026,9.0
2027,3.0
2028,6.0
2029,9.0
2030,5.0
2031,5.0
2032,7.0
2033,2.0
2034,5.0
2035,4.0
2036,3.0
2037,5.0
2038,7.0
2039,8.0
2040,2.0
2041,3.0
2042,4.0
2043,3.0
2044,2.0
2045,8.0
2046,8.0
2047,8.0
2048,5.0
2049,2.0
2050,6.0
2051,2.0
2052,7.0
2053,7.0
2054,3.0
2055,3.0
2056,6.0
2057,6.0
2058,0.0
2059,8.0
2060,4.0
2061,3.0
2062,2.0
2063,9.0
2064,1.0
2065,4.0
2066,4.0
2067,4.0
2068,6.0
2069,2.0
2070,3.0
2071,9.0
2072,5.0
2073,6.0
2074,4.0
2075,9.0
2076,6.0
2077,8.0
2078,7.0
2079,8.0
2080,9.0
2081,3.0
2082,7.0
2083,4.0
2084,5.0
2085,0.0
2086,9.0
2087,9.0
2088,5.0
2089,4.0
2090,1.0
2091,6.0
2092,0.0
2093,9.0
2094,8.0
2095,9.0
2096,2.0
2097,8.0
2098,9.0
2099,7.0
2100,6.0
2101,1.0
2102,2.0
2103,6.0
2104,8.0
2105,3.0
2106,9.0
2107,8.0
2108,1.0
2109,9.0
2110,6.0
2111,8.0
2112,3.0
2113,1.0
2114,7.0
2115,6.0
2116,2.0
2117,2.0
2118,8.0
2119,6.0
2120,2.0
2121,1.0
2122,5.0
2123,4.0
2124,6.0
2125,9.0
2126,6.0
2127,9.0
2128,1.0
2129,2.0
2130,4.0
2131,5.0
2132,1.0
2133,5.0
2134,4.0
2135,7.0
2136,7.0
2137,2.0
2138,1.0
2139,3.0
2140,7.0
2141,6.0
2142,5.0
2143,9.0
2144,3.0
2145,2.0
2146,8.0
2147,7.0
2148,5.0
2149,5.0
2150,1.0
2151,1.0
2152,2.0
2153,9.0
2154,8.0
2155,9.0
2156,2.0
2157,3.0
2158,8.0
2159,2.0
2160,9.0
2161,3.0
2162,1.0
2163,9.0
2164,8.0
2165,3.0
2166,2.0
2167,8.0
2168,4.0
2169,7.0
2170,0.0
2171,4.0
2172,6.0
2173,4.0
2174,6.0
2175,1.0
2176,7.0
2177,9.0
2178,7.0
2179,7.0
2180,4.0
2181,2.0
2182,5.0
2183,5.0
2184,2.0
2185,8.0
2186,7.0
2187,6.0
2188,3.0
2189,6.0
2190,5.0
2191,3.0
2192,8.0
2193,1.0
2194,4.0
2195,9.0
2196,1.0
2197,4.0
2198,0.0
2199,1.0
2200,9.0
2201,2.0
2202,3.0
2203,4.0
2204,0.0
2205,8.0
2206,9.0
2207,1.0
2208,3.0
2209,8.0
2210,8.0
2211,0.0
2212,3.0
2213,4.0
2214,2.0
2215,7.0
2216,6.0
2217,0.0
2218,7.0
2219,4.0
2220,7.0
2221,4.0
2222,4.0
2223,0.0
2224,6.0
2225,0.0
2226,9.0
2227,6.0
2228,1.0
2229,3.0
2230,6.0
2231,7.0
2232,1.0
2233,9.0
2234,6.0
2235,2.0
2236,4.0
2237,7.0
2238,3.0
2239,7.0
2240,7.0
2241,3.0
2242,8.0
2243,9.0
2244,4.0
2245,6.0
2246,9.0
2247,7.0
2248,4.0
2249,9.0
2250,1.0
2251,6.0
2252,8.0
2253,9.0
2254,1.0
2255,3.0
2256,9.0
2257,7.0
2258,1.0
2259,4.0
2260,1.0
2261,6.0
2262,7.0
2263,6.0
2264,0.0
2265,9.0
2266,4.0
2267,3.0
2268,6.0
2269,2.0
2270,9.0
2271,5.0
2272,7.0
2273,2.0
2274,3.0
2275,0.0
2276,4.0
2277,5.0
2278,3.0
2279,0.0
2280,4.0
2281,3.0
2282,3.0
2283,0.0
2284,8.0
2285,7.0
2286,4.0
2287,0.0
2288,6.0
2289,7.0
2290,6.0
2291,5.0
2292,2.0
2293,3.0
2294,3.0
2295,4.0
2296,4.0
2297,1.0
2298,6.0
2299,9.0
2300,2.0
2301,4.0
2302,8.0
2303,2.0
2304,4.0
2305,4.0
2306,5.0
2307,1.0
2308,2.0
2309,5.0
2310,9.0
2311,9.0
2312,8.0
2313,4.0
2314,8.0
2315,5.0
2316,9.0
2317,7.0
2318,8.0
2319,0.0
2320,3.0
2321,4.0
2322,4.0
2323,0.0
2324,9.0
2325,3.0
2326,3.0
2327,9.0
2328,4.0
2329,3.0
2330,1.0
2331,2.0
2332,6.0
2333,2.0
2334,7.0
2335,1.0
2336,9.0
2337,0.0
2338,4.0
2339,2.0
2340,4.0
2341,3.0
2342,7.0
2343,0.0
2344,9.0
2345,2.0
2346,1.0
2347,2.0
2348,9.0
2349,2.0
2350,6.0
2351,2.0
2352,5.0
2353,7.0
2354,5.0
2355,1.0
2356,8.0
2357,9.0
2358,9.0
2359,0.0
2360,7.0
2361,7.0
2362,7.0
2363,8.0
2364,5.0
2365,1.0
2366,5.0
2367,4.0
2368,1.0
2369,0.0
2370,3.0
2371,6.0
2372,1.0
2373,6.0
2374,7.0
2375,1.0
2376,4.0
2377,6.0
2378,8.0
2379,4.0
2380,1.0
2381,1.0
2382,8.0
2383,4.0
2384,8.0
2385,0.0
2386,3.0
2387,6.0
2388,5.0
2389,7.0
2390,6.0
2391,5.0
2392,2.0
2393,6.0
2394,5.0
2395,1.0
2396,0.0
2397,7.0
2398,4.0
2399,3.0
2400,7.0
2401,7.0
2402,6.0
2403,3.0
2404,8.0
2405,7.0
2406,1.0
2407,2.0
2408,8.0
2409,2.0
2410,7.0
2411,3.0
2412,2.0
2413,2.0
2414,0.0
2415,1.0
2416,1.0
2417,2.0
2418,9.0
2419,8.0
2420,4.0
2421,3.0
2422,3.0
2423,3.0
2424,6.0
2425,7.0
2426,7.0
2427,4.0
2428,1.0
2429,8.0
2430,6.0
2431,0.0
2432,9.0
2433,4.0
2434,4.0
2435,7.0
2436,2.0
2437,1.0
2438,1.0
2439,4.0
2440,5.0
2441,8.0
2442,6.0
2443,3.0
2444,6.0
2445,9.0
2446,7.0
2447,5.0
2448,3.0
2449,4.0
2450,4.0
2451,4.0
2452,3.0
2453,8.0
2454,3.0
2455,4.0
2456,2.0
2457,8.0
2458,8.0
2459,4.0
2460,7.0
2461,8.0
2462,3.0
2463,2.0
2464,0.0
2465,4.0
2466,9.0
2467,3.0
2468,7.0
2469,8.0
2470,8.0
2471,1.0
2472,5.0
2473,3.0
2474,9.0
2475,1.0
2476,5.0
2477,4.0
2478,3.0
2479,9.0
2480,1.0
2481,2.0
2482,3.0
2483,1.0
2484,1.0
2485,0.0
2486,1.0
2487,6.0
2488,4.0
2489,7.0
2490,1.0
2491,6.0
2492,5.0
2493,3.0
2494,2.0
2495,4.0
2496,7.0
2497,5.0
2498,0.0
2499,5.0
2500,1.0
2501,0.0
2502,4.0
2503,8.0
2504,0.0
2505,4.0
2506,9.0
2507,5.0
2508,1.0
2509,4.0
2510,8.0
2511,0.0
2512,6.0
2513,7.0
2514,4.0
2515,3.0
2516,4.0
2517,5.0
2518,2.0
2519,4.0
2520,3.0
2521,2.0
2522,1.0
2523,5.0
2524,4.0
2525,5.0
2526,1.0
2527,5.0
2528,9.0
2529,0.0
2530,7.0
2531,6.0
2532,3.0
2533,3.0
2534,7.0
2535,3.0
2536,2.0
2537,2.0
2538,0.0
2539,1.0
2540,5.0
2541,3.0
2542,2.0
2543,4.0
2544,1.0
2545,7.0
2546,6.0
2547,9.0
2548,1.0
2549,2.0
2550,5.0
2551,5.0
2552,1.0
2553,7.0
2554,6.0
2555,6.0
2556,3.0
2557,1.0
2558,0.0
2559,3.0
2560,1.0
2561,3.0
2562,0.0
2563,2.0
2564,9.0
2565,2.0
2566,1.0
2567,7.0
2568,5.0
2569,6.0
2570,1.0
2571,7.0
2572,3.0
2573,5.0
2574,7.0
2575,2.0
2576,9.0
2577,8.0
2578,5.0
2579,6.0
2580,7.0
2581,9.0
2582,6.0
2583,6.0
2584,5.0
2585,2.0
2586,4.0
2587,8.0
2588,4.0
2589,1.0
2590,7.0
2591,4.0
2592,2.0
2593,3.0
2594,9.0
2595,2.0
2596,6.0
2597,3.0
2598,9.0
2599,2.0
2600,4.0
2601,8.0
2602,8.0
2603,3.0
2604,4.0
2605,7.0
2606,4.0
2607,1.0
2608,3.0
2609,9.0
2610,4.0
2611,7.0
2612,8.0
2613,6.0
2614,5.0
2615,6.0
2616,2.0
2617,0.0
2618,1.0
2619,9.0
2620,0.0
2621,3.0
2622,6.0
2623,7.0
2624,9.0
2625,6.0
2626,3.0
2627,8.0
2628,9.0
2629,2.0
2630,4.0
2631,6.0
2632,2.0
2633,7.0
2634,6.0
2635,9.0
2636,4.0
2637,4.0
2638,9.0
2639,0.0
2640,5.0
2641,1.0
2642,0.0
2643,8.0
2644,4.0
2645,2.0
2646,5.0
2647,5.0
2648,2.0
2649,1.0
2650,5.0
2651,5.0
2652,6.0
2653,1.0
2654,3.0
2655,5.0
2656,5.0
2657,3.0
2658,5.0
2659,0.0
2660,1.0
2661,8.0
2662,3.0
2663,3.0
2664,2.0
2665,3.0
2666,4.0
2667,5.0
2668,7.0
2669,5.0
2670,4.0
2671,1.0
2672,6.0
2673,0.0
2674,0.0
2675,6.0
2676,3.0
2677,6.0
2678,7.0
2679,9.0
2680,2.0
2681,2.0
2682,2.0
2683,3.0
2684,9.0
2685,3.0
2686,4.0
2687,4.0
2688,7.0
2689,3.0
2690,7.0
2691,9.0
2692,5.0
2693,8.0
2694,9.0
2695,1.0
2696,7.0
2697,2.0
2698,9.0
2699,3.0
2700,9.0
2701,7.0
2702,6.0
2703,3.0
2704,2.0
2705,1.0
2706,3.0
2707,0.0
2708,1.0
2709,0.0
2710,6.0
2711,6.0
2712,1.0
2713,3.0
2714,1.0
2715,0.0
2716,4.0
2717,6.0
2718,4.0
2719,1.0
2720,9.0
2721,9.0
2722,8.0
2723,1.0
2724,1.0
2725,2.0
2726,2.0
2727,7.0
2728,8.0
2729,9.0
2730,4.0
2731,5.0
2732,7.0
2733,6.0
2734,9.0
2735,3.0
2736,1.0
2737,4.0
2738,4.0
2739,6.0
2740,0.0
2741,0.0
2742,7.0
2743,7.0
2744,7.0
2745,5.0
2746,3.0
2747,5.0
2748,3.0
2749,8.0
2750,8.0
2751,6.0
2752,8.0
2753,3.0
2754,4.0
2755,6.0
2756,6.0
2757,5.0
2758,0.0
2759,5.0
2760,6.0
2761,8.0
2762,5.0
2763,1.0
2764,2.0
2765,1.0
2766,0.0
2767,1.0
2768,0.0
2769,5.0
2770,5.0
2771,9.0
2772,6.0
2773,0.0
2774,1.0
2775,8.0
2776,4.0
2777,1.0
2778,0.0
2779,1.0
2780,6.0
2781,4.0
2782,2.0
2783,9.0
2784,9.0
2785,8.0
2786,5.0
2787,0.0
2788,0.0
2789,1.0
2790,1.0
2791,7.0
2792,7.0
2793,8.0
2794,4.0
2795,8.0
2796,3.0
2797,6.0
2798,5.0
2799,0.0
2800,3.0
2801,8.0
2802,3.0
2803,1.0
2804,4.0
2805,4.0
2806,4.0
2807,4.0
2808,3.0
2809,3.0
2810,3.0
2811,1.0
2812,4.0
2813,3.0
2814,0.0
2815,0.0
2816,6.0
2817,8.0
2818,5.0
2819,4.0
2820,1.0
2821,1.0
2822,8.0
2823,8.0
2824,0.0
2825,2.0
2826,6.0
2827,6.0
2828,5.0
2829,7.0
2830,5.0
2831,8.0
2832,2.0
2833,0.0
2834,4.0
2835,6.0
2836,9.0
2837,9.0
2838,7.0
2839,4.0
2840,0.0
2841,9.0
2842,8.0
2843,3.0
2844,7.0
2845,1.0
2846,1.0
2847,9.0
2848,4.0
2849,5.0
2850,8.0
2851,9.0
2852,9.0
2853,3.0
2854,5.0
2855,1.0
2856,8.0
2857,7.0
2858,6.0
2859,9.0
2860,0.0
2861,2.0
2862,2.0
2863,5.0
2864,0.0
2865,8.0
2866,8.0
2867,0.0
2868,4.0
2869,7.0
2870,4.0
2871,7.0
2872,4.0
2873,9.0
2874,6.0
2875,0.0
2876,8.0
2877,6.0
2878,8.0
2879,1.0
2880,2.0
2881,1.0
2882,8.0
2883,1.0
2884,2.0
2885,5.0
2886,2.0
2887,2.0
2888,0.0
2889,9.0
2890,9.0
2891,4.0
2892,8.0
2893,4.0
2894,4.0
2895,5.0
2896,3.0
2897,1.0
2898,8.0
2899,3.0
2900,5.0
2901,0.0
2902,4.0
2903,7.0
2904,2.0
2905,4.0
2906,5.0
2907,1.0
2908,8.0
2909,6.0
2910,2.0
2911,0.0
2912,4.0
2913,1.0
2914,1.0
2915,0.0
2916,5.0
2917,1.0
2918,6.0
2919,4.0
2920,6.0
2921,2.0
2922,1.0
2923,8.0
2924,5.0
2925,6.0
2926,3.0
2927,1.0
2928,9.0
2929,2.0
2930,1.0
2931,3.0
2932,1.0
2933,5.0
2934,2.0
2935,5.0
2936,3.0
2937,8.0
2938,1.0
2939,2.0
2940,6.0
2941,6.0
2942,1.0
2943,7.0
2944,4.0
2945,8.0
2946,9.0
2947,9.0
2948,9.0
2949,3.0
2950,9.0
2951,7.0
2952,6.0
2953,6.0
2954,2.0
2955,4.0
2956,0.0
2957,6.0
2958,2.0
2959,8.0
2960,9.0
2961,8.0
2962,5.0
2963,6.0
2964,9.0
2965,6.0
2966,1.0
2967,5.0
2968,0.0
2969,1.0
2970,3.0
2971,3.0
2972,1.0
2973,8.0
2974,3.0
2975,6.0
2976,0.0
2977,5.0
2978,9.0
2979,2.0
2980,4.0
2981,6.0
2982,0.0
2983,7.0
2984,7.0
2985,7.0
2986,6.0
2987,9.0
2988,3.0
2989,4.0
2990,7.0
2991,0.0
2992,1.0
2993,3.0
2994,7.0
2995,3.0
2996,4.0
2997,4.0
2998,8.0
2999,7.0
3000,8.0
3001,0.0
3002,1.0
3003,9.0
3004,7.0
3005,4.0
3006,0.0
3007,5.0
3008,2.0
3009,5.0
3010,2.0
3011,7.0
3012,2.0
3013,6.0
3014,2.0
3015,8.0
3016,3.0
3017,2.0
3018,7.0
3019,7.0
3020,6.0
3021,8.0
3022,5.0
3023,3.0
3024,6.0
3025,3.0
3026,6.0
3027,2.0
3028,3.0
3029,6.0
3030,4.0
3031,1.0
3032,0.0
3033,4.0
3034,0.0
3035,4.0
3036,9.0
3037,4.0
3038,1.0
3039,8.0
3040,3.0
3041,1.0
3042,5.0
3043,1.0
3044,6.0
3045,8.0
3046,5.0
3047,2.0
3048,1.0
3049,9.0
3050,8.0
3051,7.0
3052,3.0
3053,0.0
3054,4.0
3055,8.0
3056,9.0
3057,8.0
3058,4.0
3059,7.0
3060,8.0
3061,8.0
3062,9.0
3063,1.0
3064,5.0
3065,7.0
3066,1.0
3067,3.0
3068,2.0
3069,2.0
3070,1.0
3071,8.0
3072,5.0
3073,7.0
3074,4.0
3075,8.0
3076,3.0
3077,5.0
3078,0.0
3079,0.0
3080,8.0
3081,8.0
3082,4.0
3083,3.0
3084,8.0
3085,4.0
3086,0.0
3087,7.0
3088,2.0
3089,4.0
3090,2.0
3091,5.0
3092,0.0
3093,6.0
3094,9.0
3095,7.0
3096,1.0
3097,1.0
3098,9.0
3099,5.0
3100,9.0
3101,4.0
3102,7.0
3103,4.0
3104,0.0
3105,5.0
3106,5.0
3107,0.0
3108,9.0
3109,9.0
3110,1.0
3111,5.0
3112,4.0
3113,1.0
3114,9.0
3115,1.0
3116,3.0
3117,0.0
3118,4.0
3119,8.0
3120,0.0
3121,9.0
3122,9.0
3123,6.0
3124,1.0
3125,9.0
3126,8.0
3127,1.0
3128,5.0
3129,3.0
3130,0.0
3131,8.0
3132,6.0
3133,1.0
3134,9.0
3135,6.0
3136,3.0
3137,6.0
3138,9.0
3139,9.0
3140,6.0
3141,4.0
3142,2.0
3143,0.0
3144,8.0
3145,8.0
3146,2.0
3147,7.0
3148,1.0
3149,4.0
3150,0.0
3151,5.0
3152,9.0
3153,4.0
3154,8.0
3155,3.0
3156,0.0
3157,1.0
3158,4.0
3159,8.0
3160,1.0
3161,7.0
3162,2.0
3163,8.0
3164,7.0
3165,4.0
3166,3.0
3167,6.0
3168,2.0
3169,1.0
3170,5.0
3171,0.0
3172,2.0
3173,7.0
3174,6.0
3175,7.0
3176,2.0
3177,6.0
3178,9.0
3179,5.0
3180,0.0
3181,9.0
3182,3.0
3183,9.0
3184,3.0
3185,5.0
3186,9.0
3187,3.0
3188,4.0
3189,6.0
3190,5.0
3191,0.0
3192,1.0
3193,0.0
3194,1.0
3195,9.0
3196,4.0
3197,4.0
3198,2.0
3199,7.0
3200,4.0
3201,8.0
3202,3.0
3203,9.0
3204,9.0
3205,6.0
3206,8.0
3207,0.0
3208,9.0
3209,4.0
3210,6.0
3211,1.0
3212,2.0
3213,0.0
3214,1.0
3215,6.0
3216,9.0
3217,7.0
3218,9.0
3219,2.0
3220,5.0
3221,5.0
3222,9.0
3223,1.0
3224,6.0
3225,1.0
3226,2.0
3227,6.0
3228,6.0
3229,8.0
3230,6.0
3231,1.0
3232,6.0
3233,6.0
3234,9.0
3235,0.0
3236,9.0
3237,0.0
3238,0.0
3239,0.0
3240,2.0
3241,8.0
3242,1.0
3243,8.0
3244,4.0
3245,4.0
3246,3.0
3247,5.0
3248,2.0
3249,1.0
3250,5.0
3251,9.0
3252,1.0
3253,5.0
3254,7.0
3255,3.0
3256,5.0
3257,3.0
3258,9.0
3259,6.0
3260,4.0
3261,6.0
3262,7.0
3263,7.0
3264,1.0
3265,2.0
3266,4.0
3267,4.0
3268,8.0
3269,1.0
3270,6.0
3271,2.0
3272,6.0
3273,6.0
3274,4.0
3275,8.0
3276,9.0
3277,1.0
3278,0.0
3279,7.0
3280,1.0
3281,6.0
3282,8.0
3283,8.0
3284,3.0
3285,1.0
3286,7.0
3287,4.0
3288,2.0
3289,8.0
3290,3.0
3291,2.0
3292,1.0
3293,3.0
3294,0.0
3295,5.0
3296,5.0
3297,3.0
3298,4.0
3299,6.0
3300,1.0
3301,9.0
3302,6.0
3303,3.0
3304,0.0
3305,2.0
3306,2.0
3307,4.0
3308,0.0
3309,4.0
3310,6.0
3311,9.0
3312,9.0
3313,1.0
3314,6.0
3315,2.0
3316,6.0
3317,2.0
3318,0.0
3319,2.0
3320,5.0
3321,1.0
3322,2.0
3323,9.0
3324,6.0
3325,0.0
3326,7.0
3327,8.0
3328,9.0
3329,9.0
3330,5.0
3331,2.0
3332,2.0
3333,0.0
3334,9.0
3335,1.0
3336,6.0
3337,1.0
3338,3.0
3339,7.0
3340,9.0
3341,9.0
3342,4.0
3343,6.0
3344,7.0
3345,1.0
3346,2.0
3347,7.0
3348,8.0
3349,3.0
3350,3.0
3351,1.0
3352,5.0
3353,3.0
3354,9.0
3355,9.0
3356,1.0
3357,6.0
3358,4.0
3359,8.0
3360,2.0
3361,4.0
3362,7.0
3363,7.0
3364,4.0
3365,0.0
3366,6.0
3367,4.0
3368,7.0
3369,4.0
3370,3.0
3371,9.0
3372,7.0
3373,9.0
3374,7.0
3375,1.0
3376,6.0
3377,1.0
3378,0.0
3379,7.0
3380,1.0
3381,1.0
3382,1.0
3383,9.0
3384,5.0
3385,3.0
3386,4.0
3387,8.0
3388,6.0
3389,1.0
3390,6.0
3391,8.0
3392,0.0
3393,6.0
3394,9.0
3395,9.0
3396,5.0
3397,4.0
3398,6.0
3399,2.0
3400,9.0
3401,9.0
3402,7.0
3403,4.0
3404,5.0
3405,1.0
3406,3.0
3407,3.0
3408,6.0
3409,2.0
3410,6.0
3411,1.0
3412,1.0
3413,7.0
3414,3.0
3415,3.0
3416,8.0
3417,4.0
3418,1.0
3419,7.0
3420,1.0
3421,0.0
3422,4.0
3423,6.0
3424,1.0
3425,9.0
3426,1.0
3427,2.0
3428,0.0
3429,7.0
3430,0.0
3431,9.0
3432,7.0
3433,7.0
3434,2.0
3435,8.0
3436,8.0
3437,8.0
3438,7.0
3439,0.0
3440,5.0
3441,0.0
3442,3.0
3443,2.0
3444,5.0
3445,0.0
3446,0.0
3447,0.0
3448,6.0
3449,8.0
3450,4.0
3451,4.0
3452,9.0
3453,4.0
3454,5.0
3455,7.0
3456,7.0
3457,8.0
3458,6.0
3459,7.0
3460,6.0
3461,0.0
3462,9.0
3463,6.0
3464,1.0
3465,1.0
3466,7.0
3467,7.0
3468,5.0
3469,6.0
3470,0.0
3471,3.0
3472,9.0
3473,9.0
3474,6.0
3475,2.0
3476,4.0
3477,4.0
3478,4.0
3479,2.0
3480,3.0
3481,0.0
3482,0.0
3483,1.0
3484,2.0
3485,2.0
3486,5.0
3487,1.0
3488,3.0
3489,7.0
3490,5.0
3491,6.0
3492,0.0
3493,9.0
3494,7.0
3495,4.0
3496,0.0
3497,1.0
3498,9.0
3499,8.0
3500,5.0
3501,6.0
3502,2.0
3503,1.0
3504,6.0
3505,1.0
3506,9.0
3507,3.0
3508,8.0
3509,5.0
3510,3.0
3511,3.0
3512,8.0
3513,8.0
3514,2.0
3515,1.0
3516,6.0
3517,1.0
3518,4.0
3519,3.0
3520,9.0
3521,4.0
3522,7.0
3523,5.0
3524,7.0
3525,6.0
3526,9.0
3527,5.0
3528,3.0
3529,5.0
3530,8.0
3531,4.0
3532,6.0
3533,0.0
3534,3.0
3535,4.0
3536,4.0
3537,9.0
3538,7.0
3539,9.0
3540,5.0
3541,9.0
3542,5.0
3543,7.0
3544,1.0
3545,1.0
3546,6.0
3547,9.0
3548,3.0
3549,6.0
3550,6.0
3551,3.0
3552,0.0
3553,7.0
3554,1.0
3555,1.0
3556,1.0
3557,0.0
3558,6.0
3559,7.0
3560,6.0
3561,0.0
3562,4.0
3563,8.0
3564,1.0
3565,0.0
3566,6.0
3567,3.0
3568,2.0
3569,2.0
3570,5.0
3571,0.0
3572,9.0
3573,8.0
3574,3.0
3575,9.0
3576,4.0
3577,7.0
3578,1.0
3579,0.0
3580,8.0
3581,0.0
3582,9.0
3583,7.0
3584,0.0
3585,0.0
3586,4.0
3587,2.0
3588,5.0
3589,3.0
3590,7.0
3591,0.0
3592,4.0
3593,8.0
3594,1.0
3595,1.0
3596,8.0
3597,6.0
3598,2.0
3599,2.0
3600,9.0
3601,7.0
3602,1.0
3603,9.0
3604,6.0
3605,0.0
3606,8.0
3607,4.0
3608,2.0
3609,2.0
3610,9.0
3611,8.0
3612,6.0
3613,4.0
3614,7.0
3615,4.0
3616,6.0
3617,4.0
3618,5.0
3619,2.0
3620,2.0
3621,8.0
3622,5.0
3623,2.0
3624,1.0
3625,3.0
3626,6.0
3627,3.0
3628,8.0
3629,7.0
3630,6.0
3631,6.0
3632,4.0
3633,3.0
3634,7.0
3635,1.0
3636,2.0
3637,5.0
3638,1.0
3639,4.0
3640,3.0
3641,4.0
3642,0.0
3643,6.0
3644,8.0
3645,9.0
3646,1.0
3647,4.0
3648,6.0
3649,0.0
3650,9.0
3651,1.0
3652,2.0
3653,7.0
3654,8.0
3655,9.0
3656,2.0
3657,6.0
3658,1.0
3659,5.0
3660,4.0
3661,3.0
3662,2.0
3663,2.0
3664,1.0
3665,5.0
3666,5.0
3667,8.0
3668,7.0
3669,9.0
3670,6.0
3671,6.0
3672,9.0
3673,5.0
3674,1.0
3675,1.0
3676,3.0
3677,6.0
3678,1.0
3679,2.0
3680,9.0
3681,6.0
3682,1.0
3683,1.0
3684,9.0
3685,2.0
3686,3.0
3687,1.0
3688,4.0
3689,8.0
3690,7.0
3691,5.0
3692,9.0
3693,0.0
3694,5.0
3695,6.0
3696,4.0
3697,5.0
3698,5.0
3699,1.0
3700,8.0
3701,9.0
3702,2.0
3703,4.0
3704,6.0
3705,4.0
3706,4.0
3707,8.0
3708,2.0
3709,6.0
3710,3.0
3711,7.0
3712,1.0
3713,8.0
3714,3.0
3715,8.0
3716,4.0
3717,9.0
3718,3.0
3719,9.0
3720,9.0
3721,6.0
3722,4.0
3723,6.0
3724,7.0
3725,0.0
3726,1.0
3727,4.0
3728,1.0
3729,1.0
3730,7.0
3731,8.0
3732,1.0
3733,6.0
3734,1.0
3735,7.0
3736,7.0
3737,6.0
3738,3.0
3739,1.0
3740,1.0
3741,8.0
3742,5.0
3743,8.0
3744,2.0
3745,7.0
3746,7.0
3747,2.0
3748,1.0
3749,1.0
3750,3.0
3751,3.0
3752,2.0
3753,3.0
3754,4.0
3755,9.0
3756,5.0
3757,3.0
3758,1.0
3759,2.0
3760,6.0
3761,7.0
3762,8.0
3763,7.0
3764,5.0
3765,2.0
3766,5.0
3767,3.0
3768,1.0
3769,8.0
3770,8.0
3771,1.0
3772,3.0
3773,0.0
3774,1.0
3775,4.0
3776,5.0
3777,1.0
3778,4.0
3779,6.0
3780,5.0
3781,6.0
3782,5.0
3783,2.0
3784,9.0
3785,2.0
3786,9.0
3787,7.0
3788,9.0
3789,0.0
3790,5.0
3791,1.0
3792,9.0
3793,6.0
3794,4.0
3795,8.0
3796,6.0
3797,0.0
3798,7.0
3799,3.0
3800,5.0
3801,3.0
3802,1.0
3803,2.0
3804,6.0
3805,4.0
3806,6.0
3807,7.0
3808,1.0
3809,6.0
3810,3.0
3811,1.0
3812,8.0
3813,3.0
3814,6.0
3815,4.0
3816,8.0
3817,1.0
3818,2.0
3819,0.0
3820,4.0
3821,2.0
3822,0.0
3823,8.0
3824,1.0
3825,3.0
3826,2.0
3827,7.0
3828,9.0
3829,1.0
3830,8.0
3831,0.0
3832,2.0
3833,7.0
3834,1.0
3835,4.0
3836,9.0
3837,3.0
3838,7.0
3839,6.0
3840,3.0
3841,9.0
3842,0.0
3843,7.0
3844,5.0
3845,3.0
3846,3.0
3847,1.0
3848,5.0
3849,5.0
3850,1.0
3851,3.0
3852,7.0
3853,8.0
3854,2.0
3855,5.0
3856,6.0
3857,3.0
3858,5.0
3859,6.0
3860,9.0
3861,9.0
3862,5.0
3863,5.0
3864,2.0
3865,9.0
3866,7.0
3867,8.0
3868,1.0
3869,5.0
3870,1.0
3871,1.0
3872,4.0
3873,2.0
3874,9.0
3875,2.0
3876,8.0
3877,1.0
3878,8.0
3879,4.0
3880,6.0
3881,1.0
3882,6.0
3883,1.0
3884,3.0
3885,3.0
3886,3.0
3887,0.0
3888,9.0
3889,9.0
3890,7.0
3891,1.0
3892,2.0
3893,7.0
3894,4.0
3895,3.0
3896,4.0
3897,5.0
3898,4.0
3899,6.0
3900,0.0
3901,9.0
3902,2.0
3903,6.0
3904,0.0
3905,0.0
3906,9.0
3907,8.0
3908,9.0
3909,8.0
3910,1.0
3911,4.0
3912,5.0
3913,0.0
3914,0.0
3915,7.0
3916,9.0
3917,9.0
3918,7.0
3919,3.0
3920,4.0
3921,5.0
3922,2.0
3923,9.0
3924,4.0
3925,3.0
3926,2.0
3927,1.0
3928,0.0
3929,6.0
3930,0.0
3931,2.0
3932,7.0
3933,1.0
3934,0.0
3935,2.0
3936,3.0
3937,7.0
3938,9.0
3939,7.0
3940,4.0
3941,8.0
3942,7.0
3943,5.0
3944,9.0
3945,8.0
3946,6.0
3947,7.0
3948,9.0
3949,7.0
3950,1.0
3951,4.0
3952,8.0
3953,0.0
3954,7.0
3955,2.0
3956,5.0
3957,1.0
3958,8.0
3959,7.0
3960,7.0
3961,7.0
3962,5.0
3963,5.0
3964,2.0
3965,1.0
3966,4.0
3967,5.0
3968,5.0
3969,7.0
3970,9.0
3971,4.0
3972,6.0
3973,0.0
3974,3.0
3975,7.0
3976,5.0
3977,7.0
3978,5.0
3979,3.0
3980,1.0
3981,4.0
3982,9.0
3983,2.0
3984,3.0
3985,1.0
3986,1.0
3987,6.0
3988,9.0
3989,4.0
3990,1.0
3991,0.0
3992,8.0
3993,1.0
3994,5.0
3995,4.0
3996,6.0
3997,6.0
3998,7.0
3999,9.0
4000,4.0
4001,9.0
4002,7.0
4003,6.0
4004,3.0
4005,7.0
4006,0.0
4007,8.0
4008,8.0
4009,7.0
4010,9.0
4011,2.0
4012,4.0
4013,2.0
4014,1.0
4015,4.0
4016,3.0
4017,2.0
4018,3.0
4019,8.0
4020,6.0
4021,9.0
4022,0.0
4023,5.0
4024,6.0
4025,9.0
4026,3.0
4027,2.0
4028,5.0
4029,2.0
4030,0.0
4031,6.0
4032,7.0
4033,6.0
4034,2.0
4035,8.0
4036,2.0
4037,3.0
4038,5.0
4039,0.0
4040,6.0
4041,5.0
4042,0.0
4043,2.0
4044,1.0
4045,1.0
4046,9.0
4047,4.0
4048,7.0
4049,2.0
4050,3.0
4051,9.0
4052,6.0
4053,6.0
4054,4.0
4055,2.0
4056,1.0
4057,8.0
4058,8.0
4059,5.0
4060,1.0
4061,0.0
4062,3.0
4063,4.0
4064,3.0
4065,3.0
4066,6.0
4067,5.0
4068,5.0
4069,1.0
4070,1.0
4071,3.0
4072,2.0
4073,0.0
4074,0.0
4075,3.0
4076,3.0
4077,9.0
4078,4.0
4079,5.0
4080,0.0
4081,3.0
4082,3.0
4083,9.0
4084,9.0
4085,7.0
4086,1.0
4087,9.0
4088,0.0
4089,4.0
4090,2.0
4091,4.0
4092,5.0
4093,9.0
4094,8.0
4095,3.0
4096,7.0
4097,0.0
4098,4.0
4099,9.0
4100,3.0
4101,7.0
4102,9.0
4103,3.0
4104,9.0
4105,2.0
4106,2.0
4107,6.0
4108,9.0
4109,6.0
4110,3.0
4111,3.0
4112,9.0
4113,6.0
4114,6.0
4115,7.0
4116,1.0
4117,3.0
4118,1.0
4119,9.0
4120,8.0
4121,3.0
4122,6.0
4123,0.0
4124,1.0
4125,0.0
4126,4.0
4127,9.0
4128,4.0
4129,5.0
4130,1.0
4131,6.0
4132,0.0
4133,2.0
4134,7.0
4135,3.0
4136,6.0
4137,5.0
4138,8.0
4139,2.0
4140,3.0
4141,7.0
4142,7.0
4143,2.0
4144,3.0
4145,4.0
4146,7.0
4147,9.0
4148,3.0
4149,0.0
4150,1.0
4151,8.0
4152,3.0
4153,0.0
4154,5.0
4155,5.0
4156,6.0
4157,3.0
4158,7.0
4159,5.0
4160,2.0
4161,9.0
4162,8.0
4163,8.0
4164,3.0
4165,1.0
4166,8.0
4167,5.0
4168,6.0
4169,4.0
4170,8.0
4171,5.0
4172,7.0
4173,2.0
4174,2.0
4175,1.0
4176,6.0
4177,7.0
4178,9.0
4179,2.0
4180,1.0
4181,7.0
4182,1.0
4183,8.0
4184,7.0
4185,8.0
4186,5.0
4187,4.0
4188,7.0
4189,9.0
4190,8.0
4191,2.0
4192,2.0
4193,8.0
4194,1.0
4195,9.0
4196,6.0
4197,0.0
4198,8.0
4199,8.0
4200,2.0
4201,4.0
4202,2.0
4203,6.0
4204,9.0
4205,4.0
4206,2.0
4207,9.0
4208,8.0
4209,5.0
4210,1.0
4211,2.0
4212,1.0
4213,1.0
4214,2.0
4215,4.0
4216,4.0
4217,9.0
4218,4.0
4219,6.0
4220,9.0
4221,6.0
4222,4.0
4223,6.0
4224,9.0
4225,1.0
4226,0.0
4227,3.0
4228,9.0
4229,8.0
4230,6.0
4231,9.0
4232,2.0
4233,6.0
4234,8.0
4235,9.0
4236,4.0
4237,6.0
4238,4.0
4239,0.0
4240,7.0
4241,5.0
4242,2.0
4243,2.0
4244,6.0
4245,1.0
4246,7.0
4247,6.0
4248,4.0
4249,4.0
4250,0.0
4251,6.0
4252,4.0
4253,9.0
4254,8.0
4255,9.0
4256,9.0
4257,4.0
4258,3.0
4259,9.0
4260,3.0
4261,4.0
4262,9.0
4263,2.0
4264,3.0
4265,8.0
4266,4.0
4267,6.0
4268,1.0
4269,5.0
4270,4.0
4271,1.0
4272,2.0
4273,1.0
4274,8.0
4275,4.0
4276,2.0
4277,1.0
4278,0.0
4279,1.0
4280,4.0
4281,2.0
4282,8.0
4283,7.0
4284,7.0
4285,8.0
4286,3.0
4287,1.0
4288,3.0
4289,7.0
4290,7.0
4291,1.0
4292,8.0
4293,5.0
4294,0.0
4295,2.0
4296,1.0
4297,8.0
4298,8.0
4299,4.0
4300,3.0
4301,9.0
4302,5.0
4303,2.0
4304,8.0
4305,1.0
4306,9.0
4307,4.0
4308,9.0
4309,1.0
4310,7.0
4311,8.0
4312,6.0
4313,3.0
4314,9.0
4315,8.0
4316,2.0
4317,6.0
4318,3.0
4319,5.0
4320,2.0
4321,2.0
4322,9.0
4323,6.0
4324,8.0
4325,6.0
4326,3.0
4327,7.0
4328,8.0
4329,9.0
4330,7.0
4331,8.0
4332,3.0
4333,6.0
4334,5.0
4335,0.0
4336,6.0
4337,8.0
4338,9.0
4339,7.0
4340,0.0
4341,3.0
4342,6.0
4343,5.0
4344,1.0
4345,1.0
4346,9.0
4347,4.0
4348,2.0
4349,1.0
4350,4.0
4351,8.0
4352,6.0
4353,2.0
4354,5.0
4355,7.0
4356,9.0
4357,3.0
4358,1.0
4359,3.0
4360,7.0
4361,6.0
4362,2.0
4363,5.0
4364,0.0
4365,5.0
4366,9.0
4367,7.0
4368,4.0
4369,6.0
4370,8.0
4371,2.0
4372,3.0
4373,4.0
4374,0.0
4375,1.0
4376,5.0
4377,9.0
4378,4.0
4379,3.0
4380,9.0
4381,9.0
4382,6.0
4383,7.0
4384,5.0
4385,6.0
4386,8.0
4387,8.0
4388,1.0
4389,1.0
4390,1.0
4391,0.0
4392,1.0
4393,6.0
4394,3.0
4395,2.0
4396,1.0
4397,6.0
4398,4.0
4399,8.0
4400,2.0
4401,2.0
4402,3.0
4403,6.0
4404,7.0
4405,6.0
4406,8.0
4407,1.0
4408,4.0
4409,8.0
4410,6.0
4411,7.0
4412,5.0
4413,7.0
4414,4.0
4415,8.0
4416,6.0
4417,9.0
4418,6.0
4419,3.0
4420,3.0
4421,3.0
4422,5.0
4423,1.0
4424,6.0
4425,8.0
4426,4.0
4427,5.0
4428,4.0
4429,7.0
4430,6.0
4431,6.0
4432,9.0
4433,9.0
4434,3.0
4435,2.0
4436,4.0
4437,6.0
4438,3.0
4439,5.0
4440,2.0
4441,9.0
4442,7.0
4443,2.0
4444,7.0
4445,6.0
4446,1.0
4447,9.0
4448,4.0
4449,2.0
4450,4.0
4451,0.0
4452,7.0
4453,6.0
4454,1.0
4455,3.0
4456,1.0
4457,0.0
4458,2.0
4459,1.0
4460,7.0
4461,5.0
4462,7.0
4463,8.0
4464,4.0
4465,2.0
4466,6.0
4467,1.0
4468,3.0
4469,9.0
4470,1.0
4471,4.0
4472,6.0
4473,4.0
4474,1.0
4475,9.0
4476,4.0
4477,2.0
4478,9.0
4479,5.0
4480,8.0
4481,4.0
4482,2.0
4483,7.0
4484,2.0
4485,1.0
4486,6.0
4487,9.0
4488,9.0
4489,6.0
4490,8.0
4491,4.0
4492,8.0
4493,1.0
4494,3.0
4495,2.0
4496,4.0
4497,1.0
4498,8.0
4499,7.0
4500,1.0
4501,3.0
4502,2.0
4503,2.0
4504,6.0
4505,7.0
4506,1.0
4507,6.0
4508,3.0
4509,4.0
4510,0.0
4511,6.0
4512,2.0
4513,9.0
4514,3.0
4515,1.0
4516,0.0
4517,5.0
4518,7.0
4519,3.0
4520,3.0
4521,4.0
4522,7.0
4523,9.0
4524,7.0
4525,8.0
4526,4.0
4527,8.0
4528,8.0
4529,2.0
4530,0.0
4531,5.0
4532,8.0
4533,4.0
4534,1.0
4535,8.0
4536,8.0
4537,0.0
4538,1.0
4539,5.0
4540,9.0
4541,6.0
4542,6.0
4543,1.0
4544,1.0
4545,7.0
4546,0.0
4547,0.0
4548,0.0
4549,2.0
4550,0.0
4551,6.0
4552,1.0
4553,2.0
4554,4.0
4555,0.0
4556,3.0
4557,4.0
4558,1.0
4559,8.0
4560,6.0
4561,5.0
4562,9.0
4563,6.0
4564,5.0
4565,3.0
4566,3.0
4567,4.0
4568,5.0
4569,2.0
4570,3.0
4571,8.0
4572,0.0
4573,5.0
4574,3.0
4575,7.0
4576,5.0
4577,4.0
4578,7.0
4579,2.0
4580,8.0
4581,7.0
4582,6.0
4583,5.0
4584,3.0
4585,6.0
4586,7.0
4587,1.0
4588,2.0
4589,0.0
4590,4.0
4591,2.0
4592,9.0
4593,9.0
4594,1.0
4595,6.0
4596,1.0
4597,8.0
4598,1.0
4599,1.0
4600,7.0
4601,8.0
4602,9.0
4603,4.0
4604,5.0
4605,2.0
4606,9.0
4607,2.0
4608,1.0
4609,2.0
4610,6.0
4611,1.0
4612,0.0
4613,7.0
4614,8.0
4615,2.0
4616,1.0
4617,0.0
4618,7.0
4619,5.0
4620,7.0
4621,7.0
4622,8.0
4623,5.0
4624,1.0
4625,2.0
4626,6.0
4627,6.0
4628,0.0
4629,1.0
4630,8.0
4631,1.0
4632,7.0
4633,9.0
4634,0.0
4635,0.0
4636,4.0
4637,3.0
4638,7.0
4639,6.0
4640,9.0
4641,6.0
4642,9.0
4643,8.0
4644,7.0
4645,8.0
4646,4.0
4647,8.0
4648,7.0
4649,0.0
4650,1.0
4651,3.0
4652,4.0
4653,9.0
4654,1.0
4655,6.0
4656,8.0
4657,5.0
4658,4.0
4659,8.0
4660,2.0
4661,7.0
4662,7.0
4663,7.0
4664,0.0
4665,4.0
4666,9.0
4667,0.0
4668,1.0
4669,8.0
4670,4.0
4671,5.0
4672,1.0
4673,2.0
4674,4.0
4675,6.0
4676,1.0
4677,1.0
4678,9.0
4679,2.0
4680,4.0
4681,3.0
4682,8.0
4683,2.0
4684,7.0
4685,9.0
4686,6.0
4687,3.0
4688,2.0
4689,8.0
4690,1.0
4691,5.0
4692,6.0
4693,4.0
4694,5.0
4695,6.0
4696,7.0
4697,7.0
4698,6.0
4699,6.0
4700,9.0
4701,0.0
4702,8.0
4703,8.0
4704,3.0
4705,8.0
4706,0.0
4707,7.0
4708,5.0
4709,8.0
4710,1.0
4711,9.0
4712,1.0
4713,3.0
4714,3.0
4715,5.0
4716,0.0
4717,5.0
4718,7.0
4719,8.0
4720,9.0
4721,8.0
4722,0.0
4723,8.0
4724,3.0
4725,0.0
4726,0.0
4727,2.0
4728,7.0
4729,4.0
4730,6.0
4731,2.0
4732,1.0
4733,6.0
4734,4.0
4735,2.0
4736,2.0
4737,0.0
4738,6.0
4739,0.0
4740,0.0
4741,3.0
4742,1.0
4743,7.0
4744,0.0
4745,8.0
4746,6.0
4747,4.0
4748,7.0
4749,5.0
4750,5.0
4751,0.0
4752,3.0
4753,5.0
4754,5.0
4755,5.0
4756,2.0
4757,4.0
4758,0.0
4759,6.0
4760,5.0
4761,8.0
4762,1.0
4763,0.0
4764,0.0
4765,2.0
4766,8.0
4767,4.0
4768,2.0
4769,5.0
4770,5.0
4771,3.0
4772,6.0
4773,9.0
4774,8.0
4775,4.0
4776,4.0
4777,0.0
4778,6.0
4779,9.0
4780,5.0
4781,4.0
4782,6.0
4783,1.0
4784,6.0
4785,9.0
4786,1.0
4787,8.0
4788,2.0
4789,0.0
4790,9.0
4791,3.0
4792,2.0
4793,5.0
4794,6.0
4795,2.0
4796,6.0
4797,6.0
4798,5.0
4799,3.0
4800,9.0
4801,6.0
4802,5.0
4803,6.0
4804,9.0
4805,0.0
4806,1.0
4807,8.0
4808,2.0
4809,1.0
4810,3.0
4811,7.0
4812,9.0
4813,1.0
4814,3.0
4815,6.0
4816,6.0
4817,3.0
4818,1.0
4819,5.0
4820,6.0
4821,0.0
4822,4.0
4823,3.0
4824,6.0
4825,6.0
4826,6.0
4827,8.0
4828,4.0
4829,6.0
4830,3.0
4831,6.0
4832,0.0
4833,2.0
4834,7.0
4835,7.0
4836,3.0
4837,0.0
4838,4.0
4839,4.0
4840,6.0
4841,8.0
4842,7.0
4843,6.0
4844,2.0
4845,3.0
4846,4.0
4847,2.0
4848,3.0
4849,6.0
4850,3.0
4851,7.0
4852,0.0
4853,9.0
4854,4.0
4855,0.0
4856,3.0
4857,3.0
4858,7.0
4859,1.0
4860,1.0
4861,4.0
4862,5.0
4863,2.0
4864,9.0
4865,1.0
4866,3.0
4867,2.0
4868,1.0
4869,5.0
4870,9.0
4871,8.0
4872,6.0
4873,4.0
4874,1.0
4875,2.0
4876,5.0
4877,4.0
4878,8.0
4879,6.0
4880,6.0
4881,8.0
4882,6.0
4883,8.0
4884,2.0
4885,8.0
4886,9.0
4887,9.0
4888,3.0
4889,5.0
4890,9.0
4891,6.0
4892,3.0
4893,9.0
4894,6.0
4895,4.0
4896,6.0
4897,0.0
4898,7.0
4899,3.0
4900,2.0
4901,4.0
4902,3.0
4903,5.0
4904,4.0
4905,6.0
4906,9.0
4907,5.0
4908,7.0
4909,7.0
4910,8.0
4911,2.0
4912,0.0
4913,4.0
4914,6.0
4915,3.0
4916,0.0
4917,2.0
4918,3.0
4919,9.0
4920,4.0
4921,0.0
4922,2.0
4923,7.0
4924,4.0
4925,7.0
4926,8.0
4927,0.0
4928,1.0
4929,4.0
4930,3.0
4931,7.0
4932,2.0
4933,2.0
4934,4.0
4935,9.0
4936,3.0
4937,8.0
4938,6.0
4939,8.0
4940,0.0
4941,2.0
4942,4.0
4943,7.0
4944,8.0
4945,0.0
4946,1.0
4947,9.0
4948,4.0
4949,2.0
4950,6.0
4951,9.0
4952,7.0
4953,5.0
4954,7.0
4955,5.0
4956,2.0
4957,2.0
4958,6.0
4959,3.0
4960,0.0
4961,8.0
4962,3.0
4963,3.0
4964,2.0
4965,3.0
4966,5.0
4967,3.0
4968,6.0
4969,0.0
4970,7.0
4971,6.0
4972,9.0
4973,4.0
4974,3.0
4975,1.0
4976,6.0
4977,7.0
4978,9.0
4979,9.0
4980,1.0
4981,8.0
4982,5.0
4983,5.0
4984,4.0
4985,8.0
4986,9.0
4987,4.0
4988,1.0
4989,2.0
4990,7.0
4991,4.0
4992,3.0
4993,2.0
4994,4.0
4995,1.0
4996,1.0
4997,1.0
4998,6.0
4999,3.0
